{
  "address": [
    {
      "id": "1",
      "first_name": "Bancroft",
      "last_name": "Lightollers",
      "email": "blightollers0@yellowpages.com",
      "gender": "Polygender",
      "ip_address": "167.23.3.4"
    },
    {
      "id": "2",
      "first_name": "Nikolai",
      "last_name": "Tremathack",
      "email": "ntremathack1@g.co",
      "gender": "Bigender",
      "ip_address": "44.14.206.118"
    },
    {
      "id": "3",
      "first_name": "Junette",
      "last_name": "Skeemor",
      "email": "jskeemor2@ucoz.com",
      "gender": "Female",
      "ip_address": "72.194.238.180"
    },
    {
      "id": "4",
      "first_name": "Nappie",
      "last_name": "Steere",
      "email": "nsteere3@stumbleupon.com",
      "gender": "Male",
      "ip_address": "112.170.69.74"
    },
    {
      "id": "5",
      "first_name": "Neilla",
      "last_name": "Priest",
      "email": "npriest4@cmu.edu",
      "gender": "Female",
      "ip_address": "109.31.3.31"
    },
    {
      "id": "6",
      "first_name": "Christos",
      "last_name": "Ivanusyev",
      "email": "civanusyev5@unesco.org",
      "gender": "Male",
      "ip_address": "196.117.66.5"
    },
    {
      "id": "7",
      "first_name": "Brandais",
      "last_name": "Dreakin",
      "email": "bdreakin6@sciencedaily.com",
      "gender": "Female",
      "ip_address": "74.159.233.180"
    },
    {
      "id": "8",
      "first_name": "Gracie",
      "last_name": "Wince",
      "email": "gwince7@zdnet.com",
      "gender": "Female",
      "ip_address": "203.111.204.134"
    },
    {
      "id": "9",
      "first_name": "Connie",
      "last_name": "Floyde",
      "email": "cfloyde8@123-reg.co.uk",
      "gender": "Male",
      "ip_address": "47.150.213.94"
    },
    {
      "id": "10",
      "first_name": "Celinka",
      "last_name": "Sharman",
      "email": "csharman9@yahoo.co.jp",
      "gender": "Female",
      "ip_address": "163.116.190.206"
    },
    {
      "id": "11",
      "first_name": "Mercy",
      "last_name": "Couve",
      "email": "mcouvea@usda.gov",
      "gender": "Female",
      "ip_address": "212.1.19.34"
    },
    {
      "id": "12",
      "first_name": "Yankee",
      "last_name": "Caddy",
      "email": "ycaddyb@reddit.com",
      "gender": "Male",
      "ip_address": "98.140.107.167"
    },
    {
      "id": "13",
      "first_name": "Michelina",
      "last_name": "Faber",
      "email": "mfaberc@constantcontact.com",
      "gender": "Female",
      "ip_address": "211.154.154.167"
    },
    {
      "id": "14",
      "first_name": "Wakefield",
      "last_name": "Soff",
      "email": "wsoffd@fastcompany.com",
      "gender": "Male",
      "ip_address": "168.230.199.77"
    },
    {
      "id": "15",
      "first_name": "Ellwood",
      "last_name": "Cage",
      "email": "ecagee@cnet.com",
      "gender": "Male",
      "ip_address": "234.18.184.216"
    },
    {
      "id": "16",
      "first_name": "Kerry",
      "last_name": "Twaite",
      "email": "ktwaitef@mysql.com",
      "gender": "Male",
      "ip_address": "189.68.38.109"
    },
    {
      "id": "17",
      "first_name": "Norah",
      "last_name": "Jewkes",
      "email": "njewkesg@artisteer.com",
      "gender": "Female",
      "ip_address": "236.54.133.176"
    },
    {
      "id": "18",
      "first_name": "Devlen",
      "last_name": "Liebrecht",
      "email": "dliebrechth@japanpost.jp",
      "gender": "Male",
      "ip_address": "210.61.37.196"
    },
    {
      "id": "19",
      "first_name": "Leupold",
      "last_name": "Cammidge",
      "email": "lcammidgei@tinyurl.com",
      "gender": "Male",
      "ip_address": "155.190.0.156"
    },
    {
      "id": "20",
      "first_name": "Ludovico",
      "last_name": "Lardiner",
      "email": "llardinerj@live.com",
      "gender": "Male",
      "ip_address": "99.17.145.225"
    },
    {
      "id": "21",
      "first_name": "Dena",
      "last_name": "Strathdee",
      "email": "dstrathdeek@ed.gov",
      "gender": "Female",
      "ip_address": "249.172.11.38"
    },
    {
      "id": "22",
      "first_name": "Domini",
      "last_name": "Normaville",
      "email": "dnormavillel@dmoz.org",
      "gender": "Female",
      "ip_address": "103.114.176.228"
    },
    {
      "id": "23",
      "first_name": "Bertie",
      "last_name": "Boissier",
      "email": "bboissierm@spotify.com",
      "gender": "Male",
      "ip_address": "254.144.128.4"
    },
    {
      "id": "24",
      "first_name": "Carter",
      "last_name": "Simione",
      "email": "csimionen@nhs.uk",
      "gender": "Male",
      "ip_address": "180.123.59.40"
    },
    {
      "id": "25",
      "first_name": "Jandy",
      "last_name": "Kellen",
      "email": "jkelleno@auda.org.au",
      "gender": "Female",
      "ip_address": "226.55.203.151"
    },
    {
      "id": "26",
      "first_name": "Elwin",
      "last_name": "Nisbet",
      "email": "enisbetp@yahoo.co.jp",
      "gender": "Genderfluid",
      "ip_address": "181.196.238.67"
    },
    {
      "id": "27",
      "first_name": "Josh",
      "last_name": "Ordidge",
      "email": "jordidgeq@netscape.com",
      "gender": "Male",
      "ip_address": "48.11.82.224"
    },
    {
      "id": "28",
      "first_name": "Doralynne",
      "last_name": "Sweetsur",
      "email": "dsweetsurr@github.io",
      "gender": "Female",
      "ip_address": "100.83.166.129"
    },
    {
      "id": "29",
      "first_name": "Juline",
      "last_name": "Jarley",
      "email": "jjarleys@youtu.be",
      "gender": "Female",
      "ip_address": "38.133.41.191"
    },
    {
      "id": "30",
      "first_name": "Marlane",
      "last_name": "Bartalot",
      "email": "mbartalott@mit.edu",
      "gender": "Female",
      "ip_address": "178.158.70.194"
    },
    {
      "id": "31",
      "first_name": "Rickard",
      "last_name": "Darrigoe",
      "email": "rdarrigoeu@rambler.ru",
      "gender": "Male",
      "ip_address": "189.255.215.9"
    },
    {
      "id": "32",
      "first_name": "Cecelia",
      "last_name": "Adey",
      "email": "cadeyv@ft.com",
      "gender": "Female",
      "ip_address": "119.25.223.145"
    },
    {
      "id": "33",
      "first_name": "Aile",
      "last_name": "Gerardeaux",
      "email": "agerardeauxw@infoseek.co.jp",
      "gender": "Agender",
      "ip_address": "39.148.118.69"
    },
    {
      "id": "34",
      "first_name": "Jeanine",
      "last_name": "Denisyev",
      "email": "jdenisyevx@merriam-webster.com",
      "gender": "Non-binary",
      "ip_address": "220.50.205.166"
    },
    {
      "id": "35",
      "first_name": "Cally",
      "last_name": "Rodolphe",
      "email": "crodolphey@wired.com",
      "gender": "Female",
      "ip_address": "209.31.60.21"
    },
    {
      "id": "36",
      "first_name": "Giovanna",
      "last_name": "Hotchkin",
      "email": "ghotchkinz@booking.com",
      "gender": "Female",
      "ip_address": "70.75.2.218"
    },
    {
      "id": "37",
      "first_name": "Laurene",
      "last_name": "O'Hdirscoll",
      "email": "lohdirscoll10@bigcartel.com",
      "gender": "Female",
      "ip_address": "24.16.232.236"
    },
    {
      "id": "38",
      "first_name": "Garald",
      "last_name": "Bamling",
      "email": "gbamling11@ning.com",
      "gender": "Male",
      "ip_address": "52.44.255.61"
    },
    {
      "id": "39",
      "first_name": "Elene",
      "last_name": "Skerm",
      "email": "eskerm12@sciencedirect.com",
      "gender": "Female",
      "ip_address": "141.116.195.40"
    },
    {
      "id": "40",
      "first_name": "Hedvig",
      "last_name": "McGlaud",
      "email": "hmcglaud13@sphinn.com",
      "gender": "Female",
      "ip_address": "196.229.20.107"
    },
    {
      "id": "41",
      "first_name": "Carole",
      "last_name": "Kelcher",
      "email": "ckelcher14@gov.uk",
      "gender": "Female",
      "ip_address": "172.235.87.63"
    },
    {
      "id": "42",
      "first_name": "Ozzie",
      "last_name": "Behan",
      "email": "obehan15@deliciousdays.com",
      "gender": "Male",
      "ip_address": "21.167.255.42"
    },
    {
      "id": "43",
      "first_name": "Reg",
      "last_name": "Jurgenson",
      "email": "rjurgenson16@furl.net",
      "gender": "Genderqueer",
      "ip_address": "64.79.82.81"
    },
    {
      "id": "44",
      "first_name": "Isadora",
      "last_name": "Goodbur",
      "email": "igoodbur17@github.io",
      "gender": "Female",
      "ip_address": "82.224.36.220"
    },
    {
      "id": "45",
      "first_name": "Clementine",
      "last_name": "Raggatt",
      "email": "craggatt18@webs.com",
      "gender": "Female",
      "ip_address": "132.102.38.88"
    },
    {
      "id": "46",
      "first_name": "Shepherd",
      "last_name": "Diggins",
      "email": "sdiggins19@foxnews.com",
      "gender": "Bigender",
      "ip_address": "13.153.227.195"
    },
    {
      "id": "47",
      "first_name": "Wynny",
      "last_name": "Keeling",
      "email": "wkeeling1a@tumblr.com",
      "gender": "Female",
      "ip_address": "182.149.204.172"
    },
    {
      "id": "48",
      "first_name": "Debra",
      "last_name": "Voss",
      "email": "dvoss1b@mapquest.com",
      "gender": "Bigender",
      "ip_address": "209.222.42.9"
    },
    {
      "id": "49",
      "first_name": "Josephina",
      "last_name": "Mussett",
      "email": "jmussett1c@google.nl",
      "gender": "Female",
      "ip_address": "61.85.157.134"
    },
    {
      "id": "50",
      "first_name": "Ami",
      "last_name": "Ladbrook",
      "email": "aladbrook1d@constantcontact.com",
      "gender": "Female",
      "ip_address": "195.220.248.203"
    },
    {
      "id": "51",
      "first_name": "Sergent",
      "last_name": "Laffoley-Lane",
      "email": "slaffoleylane1e@stumbleupon.com",
      "gender": "Male",
      "ip_address": "0.221.84.61"
    },
    {
      "id": "52",
      "first_name": "Augustus",
      "last_name": "Challenor",
      "email": "achallenor1f@4shared.com",
      "gender": "Male",
      "ip_address": "233.189.121.50"
    },
    {
      "id": "53",
      "first_name": "Antonino",
      "last_name": "Bradneck",
      "email": "abradneck1g@shutterfly.com",
      "gender": "Male",
      "ip_address": "6.106.16.42"
    },
    {
      "id": "54",
      "first_name": "Langsdon",
      "last_name": "Rawlin",
      "email": "lrawlin1h@webs.com",
      "gender": "Male",
      "ip_address": "98.231.84.221"
    },
    {
      "id": "55",
      "first_name": "Malorie",
      "last_name": "Sneller",
      "email": "msneller1i@sciencedaily.com",
      "gender": "Female",
      "ip_address": "207.34.98.127"
    },
    {
      "id": "56",
      "first_name": "Dolorita",
      "last_name": "Otridge",
      "email": "dotridge1j@pagesperso-orange.fr",
      "gender": "Female",
      "ip_address": "6.20.137.176"
    },
    {
      "id": "57",
      "first_name": "Madelon",
      "last_name": "Wanka",
      "email": "mwanka1k@ocn.ne.jp",
      "gender": "Female",
      "ip_address": "132.235.230.36"
    },
    {
      "id": "58",
      "first_name": "Aeriela",
      "last_name": "O'Dwyer",
      "email": "aodwyer1l@mashable.com",
      "gender": "Female",
      "ip_address": "87.175.244.223"
    },
    {
      "id": "59",
      "first_name": "Bond",
      "last_name": "Wreight",
      "email": "bwreight1m@myspace.com",
      "gender": "Male",
      "ip_address": "189.217.84.126"
    },
    {
      "id": "60",
      "first_name": "Phillipe",
      "last_name": "Kalisch",
      "email": "pkalisch1n@goodreads.com",
      "gender": "Male",
      "ip_address": "111.64.210.33"
    },
    {
      "id": "61",
      "first_name": "Cristiano",
      "last_name": "Winterflood",
      "email": "cwinterflood1o@ucla.edu",
      "gender": "Male",
      "ip_address": "250.32.208.180"
    },
    {
      "id": "62",
      "first_name": "Melamie",
      "last_name": "Zupo",
      "email": "mzupo1p@canalblog.com",
      "gender": "Female",
      "ip_address": "88.23.48.121"
    },
    {
      "id": "63",
      "first_name": "Evyn",
      "last_name": "Trusler",
      "email": "etrusler1q@utexas.edu",
      "gender": "Male",
      "ip_address": "203.84.186.239"
    },
    {
      "id": "64",
      "first_name": "Daniella",
      "last_name": "Ullett",
      "email": "dullett1r@dagondesign.com",
      "gender": "Female",
      "ip_address": "11.225.78.117"
    },
    {
      "id": "65",
      "first_name": "Travus",
      "last_name": "Endrighi",
      "email": "tendrighi1s@gravatar.com",
      "gender": "Male",
      "ip_address": "171.178.242.124"
    },
    {
      "id": "66",
      "first_name": "Teena",
      "last_name": "Huddlestone",
      "email": "thuddlestone1t@sciencedaily.com",
      "gender": "Female",
      "ip_address": "49.185.141.124"
    },
    {
      "id": "67",
      "first_name": "Margalo",
      "last_name": "Habbergham",
      "email": "mhabbergham1u@delicious.com",
      "gender": "Female",
      "ip_address": "159.31.175.51"
    },
    {
      "id": "68",
      "first_name": "Bryanty",
      "last_name": "Cochern",
      "email": "bcochern1v@java.com",
      "gender": "Male",
      "ip_address": "110.56.0.1"
    },
    {
      "id": "69",
      "first_name": "Robyn",
      "last_name": "Denidge",
      "email": "rdenidge1w@squarespace.com",
      "gender": "Female",
      "ip_address": "34.29.143.66"
    },
    {
      "id": "70",
      "first_name": "Kin",
      "last_name": "D'Avaux",
      "email": "kdavaux1x@amazon.de",
      "gender": "Male",
      "ip_address": "13.43.11.94"
    },
    {
      "id": "71",
      "first_name": "Florinda",
      "last_name": "Bapty",
      "email": "fbapty1y@imageshack.us",
      "gender": "Female",
      "ip_address": "246.14.187.66"
    },
    {
      "id": "72",
      "first_name": "Kilian",
      "last_name": "Dagnall",
      "email": "kdagnall1z@indiegogo.com",
      "gender": "Male",
      "ip_address": "142.248.172.40"
    },
    {
      "id": "73",
      "first_name": "Saxe",
      "last_name": "Pembridge",
      "email": "spembridge20@cnet.com",
      "gender": "Bigender",
      "ip_address": "204.200.129.148"
    },
    {
      "id": "74",
      "first_name": "Grenville",
      "last_name": "Poyner",
      "email": "gpoyner21@altervista.org",
      "gender": "Male",
      "ip_address": "118.178.228.205"
    },
    {
      "id": "75",
      "first_name": "Rudyard",
      "last_name": "Tschierse",
      "email": "rtschierse22@census.gov",
      "gender": "Male",
      "ip_address": "180.200.54.125"
    },
    {
      "id": "76",
      "first_name": "Chrissie",
      "last_name": "Huddle",
      "email": "chuddle23@tumblr.com",
      "gender": "Male",
      "ip_address": "160.20.100.227"
    },
    {
      "id": "77",
      "first_name": "Olin",
      "last_name": "McDill",
      "email": "omcdill24@dedecms.com",
      "gender": "Male",
      "ip_address": "164.100.9.79"
    },
    {
      "id": "78",
      "first_name": "Brice",
      "last_name": "Ivell",
      "email": "bivell25@virginia.edu",
      "gender": "Polygender",
      "ip_address": "76.150.151.100"
    },
    {
      "id": "79",
      "first_name": "Flemming",
      "last_name": "Yashnov",
      "email": "fyashnov26@studiopress.com",
      "gender": "Male",
      "ip_address": "123.34.111.138"
    },
    {
      "id": "80",
      "first_name": "Any",
      "last_name": "Blockley",
      "email": "ablockley27@bloglovin.com",
      "gender": "Male",
      "ip_address": "184.227.107.62"
    },
    {
      "id": "81",
      "first_name": "Izak",
      "last_name": "Pitcaithley",
      "email": "ipitcaithley28@google.es",
      "gender": "Male",
      "ip_address": "101.39.206.162"
    },
    {
      "id": "82",
      "first_name": "Rosella",
      "last_name": "Birchwood",
      "email": "rbirchwood29@technorati.com",
      "gender": "Female",
      "ip_address": "221.69.101.128"
    },
    {
      "id": "83",
      "first_name": "Tabby",
      "last_name": "Scarffe",
      "email": "tscarffe2a@blinklist.com",
      "gender": "Male",
      "ip_address": "216.182.235.77"
    },
    {
      "id": "84",
      "first_name": "Leann",
      "last_name": "Michel",
      "email": "lmichel2b@woothemes.com",
      "gender": "Female",
      "ip_address": "20.66.85.206"
    },
    {
      "id": "85",
      "first_name": "Orlan",
      "last_name": "Buffery",
      "email": "obuffery2c@nbcnews.com",
      "gender": "Male",
      "ip_address": "44.103.25.55"
    },
    {
      "id": "86",
      "first_name": "Aluin",
      "last_name": "Basham",
      "email": "abasham2d@twitter.com",
      "gender": "Male",
      "ip_address": "97.188.250.39"
    },
    {
      "id": "87",
      "first_name": "Yale",
      "last_name": "Fiddler",
      "email": "yfiddler2e@shinystat.com",
      "gender": "Male",
      "ip_address": "36.174.42.65"
    },
    {
      "id": "88",
      "first_name": "Odella",
      "last_name": "Ayling",
      "email": "oayling2f@e-recht24.de",
      "gender": "Female",
      "ip_address": "96.151.133.211"
    },
    {
      "id": "89",
      "first_name": "Diana",
      "last_name": "McClay",
      "email": "dmcclay2g@sbwire.com",
      "gender": "Female",
      "ip_address": "132.9.194.160"
    },
    {
      "id": "90",
      "first_name": "Brannon",
      "last_name": "Chaytor",
      "email": "bchaytor2h@creativecommons.org",
      "gender": "Male",
      "ip_address": "146.116.136.127"
    },
    {
      "id": "91",
      "first_name": "Boniface",
      "last_name": "Ambler",
      "email": "bambler2i@reddit.com",
      "gender": "Male",
      "ip_address": "213.67.231.247"
    },
    {
      "id": "92",
      "first_name": "Ruby",
      "last_name": "Rafe",
      "email": "rrafe2j@bloomberg.com",
      "gender": "Female",
      "ip_address": "141.254.221.55"
    },
    {
      "id": "93",
      "first_name": "Alfred",
      "last_name": "Porte",
      "email": "aporte2k@hhs.gov",
      "gender": "Male",
      "ip_address": "63.41.235.21"
    },
    {
      "id": "94",
      "first_name": "Erinn",
      "last_name": "Berwick",
      "email": "eberwick2l@vistaprint.com",
      "gender": "Female",
      "ip_address": "83.211.101.38"
    },
    {
      "id": "95",
      "first_name": "Gerri",
      "last_name": "Crab",
      "email": "gcrab2m@cyberchimps.com",
      "gender": "Female",
      "ip_address": "237.150.114.75"
    },
    {
      "id": "96",
      "first_name": "Corbin",
      "last_name": "Aery",
      "email": "caery2n@spiegel.de",
      "gender": "Male",
      "ip_address": "24.171.20.188"
    },
    {
      "id": "97",
      "first_name": "Broddie",
      "last_name": "Eccleston",
      "email": "beccleston2o@walmart.com",
      "gender": "Male",
      "ip_address": "37.83.25.46"
    },
    {
      "id": "98",
      "first_name": "Helaina",
      "last_name": "O'Doran",
      "email": "hodoran2p@live.com",
      "gender": "Polygender",
      "ip_address": "218.252.6.138"
    },
    {
      "id": "99",
      "first_name": "Laney",
      "last_name": "Hedger",
      "email": "lhedger2q@instagram.com",
      "gender": "Male",
      "ip_address": "134.55.64.6"
    },
    {
      "id": "100",
      "first_name": "Marne",
      "last_name": "Cliss",
      "email": "mcliss2r@twitpic.com",
      "gender": "Female",
      "ip_address": "67.126.233.126"
    },
    {
      "id": 101,
      "first_name": "벼리",
      "last_name": "뇽",
      "email": "123@naver.com",
      "gender": "Female"
    }
  ]
}